id,name,email,dir_uno,dir_dos
1,nombre_1,rodrigo@gmail.com,Direccion uno,direccion dos_1
2,nombre_2,rodrigo@gmail.com,Direccion uno,direccion dos_2
3,nombre_3,rodrigo@gmail.com,Direccion uno,direccion dos_1
4,nombre_4,rodrigo@gmail.com,Direccion uno,direccion dos_2
5,nombre_5,rodrigo@gmail.com,Direccion uno,direccion dos_1
6,nombre_6,rodrigo@gmail.com,Direccion uno,direccion dos_2
7,nombre_7,rodrigo@gmail.com,Direccion uno,direccion dos_1
8,nombre_8,rodrigo@gmail.com,Direccion uno,direccion dos_2
9,nombre_9,rodrigo@gmail.com,Direccion uno,direccion dos_1
10,nombre_10,rodrigo@gmail.com,Direccion uno,direccion dos_2
11,nombre_11,rodrigo@gmail.com,Direccion uno,direccion dos_1
12,nombre_12,rodrigo@gmail.com,Direccion uno,direccion dos_2
13,nombre_13,rodrigo@gmail.com,Direccion uno,direccion dos_1
14,nombre_14,rodrigo@gmail.com,Direccion uno,direccion dos_2
15,nombre_15,rodrigo@gmail.com,Direccion uno,direccion dos_1
